content_id,titolo,data_pubblicazione,COD_AZIONE,DES_AZIONE,COD_ISIN,n_base,baseline_sd,move_date,timing,move,z,vol_x,unusual,px_before_move,px_after_move,last_d,last_px,retained
202607291131053038,Metriks.AI lancia ops a sconto su Tradelab: obiettivo il delisting e pagamento al 100% in azioni,2026-07-29T08:50:28,TRAI,TradeLab,IT0005651507,20,0.004760310668120515,2026-07-31,later,-0.08108108108108114,-17.032728898152754,84.28571428571429,true,2.22,2.04,2026-09-23,1.86,1.9999999999999987
202609170819021103,"Pininfarina verso il delisting da Piazza Affari: opa a 1 euro, premio del 20%",2026-09-17T05:52:38,PININ,Pininfarina,IT0003056386,20,0.011203988080155757,2026-09-17,same_day,0.17647058823529416,15.750694036157961,79.91938333613591,true,0.85,1.0,2026-09-23,1.0,1.0
202609171812578715,Cos'è successo oggi sui mercati: dall'Opa indiana su Pininfarina ai nuovi padroni del Chelsea,2026-09-17T18:07:00,PININ,Pininfarina,IT0003056386,20,0.011203988080155757,2026-09-17,same_day,0.17647058823529416,15.750694036157961,79.91938333613591,true,0.85,1.0,2026-09-23,1.0,1.0
202608071135381231,Seri Industrial tracolla in borsa (-20%): l’ex Spac verso il delisting a forte sconto,2026-08-07T09:02:40,PCU,Seri Industrial,IT0005283640,20,0.021834724576649922,2026-08-07,same_day,-0.19185059422750428,-8.786490232749237,22.120445905621708,true,2.945,2.38,2026-09-23,2.335,1.079646017699115
202607281115501696,Nel semestre raccolta delle reti di consulenti in decisa crescita: +22% su base annua,2026-07-28T09:12:28,RETI,Reti,IT0005418204,20,0.012110726810882873,2026-07-28,same_day,0.10135135135135132,8.368725753129493,6.341463414634146,true,1.48,1.63,2026-09-23,1.62,0.9333333333333347
202608071753533573,Siemens accelera sull’intelligenza artificiale: oltre 200 milioni di dollari di investimenti per due impianti negli Usa,2026-08-07T15:37:21,MPT,Impianti,IT0005518953,20,0.020217342832017725,2026-08-11,later,0.14130434782608692,6.989264068980746,26.363636363636367,true,0.92,1.05,2026-09-23,1.055,1.0384615384615377
202609091956122721,"Webuild, mancano 17 miliardi: cosa è scritto nella lettera del maggior costruttore italiano al governo",2026-09-09T12:52:58,COGE,Webuild,IT0003865570,20,0.01189580043945646,2026-09-09,same_day,-0.07959743824336685,-6.691221717149434,12.43712905600512,true,2.186,2.012,2026-09-23,1.966,1.2643678160919543
202609091059297824,"Webuild smentisce la richiesta di 22 miliardi al governo: il titolo chiude in calo del 7,9%",2026-09-09T08:45:58,COGE,Webuild,IT0003865570,20,0.01189580043945646,2026-09-09,same_day,-0.07959743824336685,-6.691221717149434,12.43712905600512,true,2.186,2.012,2026-09-23,1.966,1.2643678160919543
202607161516221320,Sesa cade in borsa (-12%) dopo i conti e il piano 2027-2028: l’analisi di Andrea Randone (Intermonte),2026-07-16T11:45:17,MI1,Sesa,IT0004729759,20,0.020431758628021147,2026-07-16,same_day,-0.12551867219917023,-6.143312207448829,10.190217391304346,true,96.4,84.3,2026-09-23,94.15,0.18595041322314038
202609151013178211,"NewPrinces raddoppia i ricavi e accelera sull’ebitda, ma chiude il semestre ancora in perdita",2026-09-15T08:05:18,NWL,Newprinces,IT0005385213,20,0.013918461306026718,2026-09-16,later,0.08521739130434769,6.122615814396697,4.005859510455719,true,17.25,18.72,2026-09-23,17.98,0.496598639455783
202609020746321794,"Gaming, Lottomatica (-11,2%) rileva Cirsa: nasce il secondo operatore globale quotato. Perché il titolo crolla",2026-09-02T05:29:54,LTMC,Lottomatica,IT0005541336,20,0.013080053819249031,2026-09-07,later,0.07704985578904,5.890637519828163,5.026274249012012,true,24.27,26.14,2026-09-23,27.44,1.6951871657754012
202609020752539055,"Borse oggi in diretta | Il Ftse Mib chiude in calo dello 0,2% col tonfo di Lottomatica. Stm in cima al listino",2026-09-02T05:17:32,LTMC,Lottomatica,IT0005541336,20,0.013080053819249031,2026-09-07,later,0.07704985578904,5.890637519828163,5.026274249012012,true,24.27,26.14,2026-09-23,27.44,1.6951871657754012
202609021812482262,Cos'è successo oggi sui mercati: dal colpo di Lottomatica su Cirsa ai tagli di Uber,2026-09-02T18:06:00,LTMC,Lottomatica,IT0005541336,20,0.013080053819249031,2026-09-07,later,0.07704985578904,5.890637519828163,5.026274249012012,true,24.27,26.14,2026-09-23,27.44,1.6951871657754012
202609181820125790,Sironi (Generali): ecco la missione delle università contro il deflagare del debito e il calo della natalità,2026-09-18T13:27:16,GENE,Generali,IT0000062072,20,0.0060967557509963785,2026-09-22,later,-0.0329910421673586,-5.411245507410552,1.2947530750086071,true,45.77,44.26,2026-09-23,43.24,1.6754966887417169
202609181910483473,"Generali, agenti Anagina pronti ad accelerare sulla distribuzione bancaria e il risiko potrebbe essere un’occasione",2026-09-18T09:28:22,GENE,Generali,IT0000062072,20,0.0060967557509963785,2026-09-22,later,-0.0329910421673586,-5.411245507410552,1.2947530750086071,true,45.77,44.26,2026-09-23,43.24,1.6754966887417169
202607221858417478,L’Asia sostiene Moncler (+9%). Alexandre Arnault esce dal cda,2026-07-22T18:55:00,MONC,Moncler,IT0004965148,20,0.014569942143850764,2026-07-23,later,-0.07879377431906609,-5.407967549982411,7.2180275743106,true,51.4,47.35,2026-09-23,44.32,1.748148148148149
202609171850142653,"Generali, il ceo Philippe Donnet vende altre 350 mila azioni e incassa 15,8 milioni di euro",2026-09-17T16:31:02,GENE,Generali,IT0000062072,20,0.006133617672358777,2026-09-22,later,-0.0329910421673586,-5.378724910754241,1.30030804701364,true,45.77,44.26,2026-09-23,43.24,1.6754966887417169
202609171727128273,"Risiko Generali, agenti in pista",2026-09-17T10:38:15,GENE,Generali,IT0000062072,20,0.006133617672358777,2026-09-22,later,-0.0329910421673586,-5.378724910754241,1.30030804701364,true,45.77,44.26,2026-09-23,43.24,1.6754966887417169
202608061008399227,"DoValue, conti in rosso e titolo in caduta del 17%. Ma cresce il nuovo business",2026-08-06T08:07:04,DOB,doValue,IT0005610958,20,0.03848058711923483,2026-08-06,same_day,-0.19793388429752057,-5.143733480058618,13.20567461112654,true,2.42,1.941,2026-09-23,1.678,1.5490605427974953
202607211005523689,doValue alla prova dei conti del secondo trimestre 2026: coeo spingerà l’ebitda ma peserà sul debito,2026-07-21T07:35:49,DOB,doValue,IT0005610958,20,0.025675058935338033,2026-07-23,later,-0.12459283387622155,-4.852679566968292,2.3426473285884923,true,2.456,2.15,2026-09-23,1.678,2.542483660130719
202607291409505853,"Italmobiliare cresce con Caffè Borbone, Cds e Santa Maria Novella. Ora punta su M&A e cessioni",2026-07-29T10:35:44,ITMO,Italmobiliare,IT0005253205,20,0.014089109768203793,2026-07-31,later,-0.06761565836298944,-4.799143414694944,10.093183702911315,true,28.1,26.2,2026-09-23,25.5,1.368421052631578
202608251326077256,"Wall Street, gli smart ring Oura pronti all’ipo. Si scaldano anche Inspire Brands e SB Energy",2026-08-25T11:03:15,ENY,Energy,IT0005500712,20,0.021049416193355184,2026-09-01,later,0.09999999999999987,4.750725582192991,2.6666666666666665,true,0.64,0.704,2026-09-23,0.64,0.0
202609162216017176,"Generali, il 30 settembre il board decide sulla fusione di Alleanza",2026-09-16T11:57:12,GENE,Generali,IT0000062072,20,0.007185988457297619,2026-09-22,later,-0.0329910421673586,-4.5910235402417126,1.3029164562047801,true,45.77,44.26,2026-09-23,43.24,1.6754966887417169
202609151102565927,"Btp, rendimento del decennale ai massimi da novembre 2023: Generali AM mantiene il sovrappeso sui titoli italiani",2026-09-15T08:17:56,GENE,Generali,IT0000062072,20,0.007219249345463352,2026-09-22,later,-0.0329910421673586,-4.569871546006441,1.3234920833933759,true,45.77,44.26,2026-09-23,43.24,1.6754966887417169
202609151157558780,"Tennis, Generali conquista la Coppa Davis: accordo pluriennale per dare il nome al torneo",2026-09-15T09:45:29,GENE,Generali,IT0000062072,20,0.007219249345463352,2026-09-22,later,-0.0329910421673586,-4.569871546006441,1.3234920833933759,true,45.77,44.26,2026-09-23,43.24,1.6754966887417169
202609151241448767,"Intesa San Paolo, Gros-Pietro rassicura Generali: con noi sarà più solida. L’opas? Proseguiamo come da piano",2026-09-15T10:13:43,GENE,Generali,IT0000062072,20,0.007219249345463352,2026-09-22,later,-0.0329910421673586,-4.569871546006441,1.3234920833933759,true,45.77,44.26,2026-09-23,43.24,1.6754966887417169
202609070802427218,"Seco e Neura, alleanza europea per portare la Physical AI nei robot e nelle fabbriche",2026-09-07T05:46:48,IOT,SECO,IT0005438046,20,0.031308996228651645,2026-09-08,later,0.140625,4.491520551250076,7.253634036081207,true,3.52,4.015,2026-09-23,4.42,1.8181818181818192
202607301834021522,"Amplifon, nel primo semestre l’utile cresce a doppia cifra a 102 milioni (+12%). Stime sul 2026 confermate",2026-07-30T10:47:48,AMP,Amplifon,IT0004056880,20,0.01888155966586306,2026-07-31,later,0.08192341941228842,4.338805737557898,3.729298781821108,true,11.23,12.15,2026-09-23,11.82,0.6413043478260868
202607312253371668,Italmobiliare avvia l'uscita da Tecnica: vende il 9% per 50 milioni. Maxi plusvalenza,2026-07-31T20:37:48,ITMO,Italmobiliare,IT0005253205,20,0.015591540493390874,2026-07-31,same_day,-0.06761565836298944,-4.33668875706356,6.832624127610525,true,28.1,26.2,2026-09-23,25.5,1.368421052631578
202607281121106143,"Saipem perde l’8,9% dopo i conti, analisti divisi sul titolo. Interviene il ceo Puliti",2026-07-28T08:41:18,SAIP,Saipem,IT0005495657,20,0.02061849250043331,2026-07-28,same_day,-0.0885727397888939,-4.295791255691098,4.227541211565255,true,4.358,3.972,2026-09-23,4.363,-0.012953367875649704
202609041033385407,"Iren, dividendo al 6,7% nel 2027: il piano di ottobre può spingere il titolo. L’analisi di Equita",2026-09-04T08:04:33,AET,Iren,IT0003027817,20,0.009450738559534232,2026-09-04,same_day,0.04052936311000832,4.288486328840501,2.112004103467976,true,2.418,2.516,2026-09-23,2.478,0.612244897959185
202607061803532708,"Next Geosolutions, l’azienda acquisita da Fincantieri è una delle più grandi dell’indice pmi di Intermonte. Cosa succede con l’opa",2026-07-06T15:56:57,FCT,Fincantieri,IT0005599938,20,0.026759106726333567,2026-07-06,same_day,0.11422018348623841,4.268460253713725,3.156574270179986,true,10.9,12.145,2026-09-23,12.435,1.2329317269076314
202607061807095648,Cos'è successo oggi sui mercati: dal poker di acquisizioni di Fincantieri ai 3.200 tagli in Xbox,2026-07-06T17:52:00,FCT,Fincantieri,IT0005599938,20,0.026759106726333567,2026-07-06,same_day,0.11422018348623841,4.268460253713725,3.156574270179986,true,10.9,12.145,2026-09-23,12.435,1.2329317269076314
202607060857457427,"Fincantieri, gli analisti valutano opa su NextGeo a Piazza Affari. Gli impatti sulle due società",2026-07-06T06:45:41,FCT,Fincantieri,IT0005599938,20,0.026759106726333567,2026-07-06,same_day,0.11422018348623841,4.268460253713725,3.156574270179986,true,10.9,12.145,2026-09-23,12.435,1.2329317269076314
202607060901056613,Fincantieri investe 600 milioni per comprare quattro aziende e dominare l'underwater,2026-07-06T06:43:59,FCT,Fincantieri,IT0005599938,20,0.026759106726333567,2026-07-06,same_day,0.11422018348623841,4.268460253713725,3.156574270179986,true,10.9,12.145,2026-09-23,12.435,1.2329317269076314
202608270835421517,"Borse oggi in diretta | Milano perde l’1,2% a 52.265 punti. Hera in calo, bene il tech grazie ai conti di Nvidia",2026-08-27T05:59:20,HER,Hera,IT0001250932,20,0.007877222539375926,2026-08-27,same_day,-0.03319713993871298,-4.2143204375362275,0.7326199731185548,true,3.916,3.786,2026-09-23,3.588,2.523076923076924
202607011014315702,Orsero sbarca in Usa con il gruppo Trucco: gli analisti stimano un upside fino al +60% per il titolo,2026-07-01T07:34:53,GLF,Orsero,IT0005138703,20,0.009992433776889489,2026-07-01,same_day,0.04041720990873543,4.044781362695883,8.255385110053725,true,15.34,15.96,2026-09-23,15.54,0.32258064516128865
202607220943495274,"Cy4gate chiude contratti per 4,5 milioni nella cyber security e decision intelligence: cresce la domanda di sicurezza informatica",2026-07-22T07:33:54,CY4,Cy4Gate,IT0005412504,20,0.022582941663618575,2026-07-22,same_day,0.09049255441008008,4.007119876497968,2.597961149681783,true,8.73,9.52,2026-09-23,10.54,2.2911392405063298
202607310828227620,"Borse oggi in diretta | Il Ftse Mib chiude luglio sopra la parità (+0,1%). Amplifon maglia rosa, giù le utility",2026-07-31T06:05:14,AMP,Amplifon,IT0004056880,20,0.020511927224472187,2026-07-31,same_day,0.08192341941228842,3.993940623704435,3.7924651923202464,true,11.23,12.15,2026-09-23,11.82,0.6413043478260868
202609081914174864,"Bff Bank, in arrivo le offerte di Cerberus e CF+ mentre proseguono i contatti tra Amco e Bper per formare una cordata",2026-09-08T10:55:07,BFF,Bff Bank,IT0005244402,20,0.014779010926922857,2026-09-11,later,0.05858585858585852,3.964125804869183,1.4071046451217566,true,2.97,3.144,2026-09-23,2.946,-0.13793103448275879
202607230752364286,"Borse oggi in diretta | Il Ftse Mib perde quasi il 3% a fine seduta. StM in profondo rosso (-17,7%), Eni la migliore",2026-07-23T05:20:57,ENISPA,Eni,IT0003132476,20,0.017988413622128878,2026-07-29,later,0.07086077674312952,3.9392454627548945,1.995873300743069,true,22.015,23.575,2026-09-23,24.04,1.2980769230769231
202607291547524893,"Frequenze tlc, l’Agcom avvia l’ultima consultazione: verso il rinnovo al 2037 in cambio di investimenti per 5G standalone e reti",2026-07-29T13:32:03,RETI,Reti,IT0005418204,20,0.02581085274668174,2026-07-28,day_before,0.10135135135135132,3.9266951908197267,4.9523809523809526,true,1.48,1.63,2026-09-23,1.62,0.9333333333333347
202607241706321162,"Assemblee, la partecipazione dei soci resta alta anche nel 2026. Gli effetti sui rinnovi dei cda di Eni, Bpm e soprattutto Mps",2026-07-24T07:41:01,ENISPA,Eni,IT0003132476,20,0.01830486682834407,2026-07-29,later,0.07086077674312952,3.8711440737392055,2.012333523029004,true,22.015,23.575,2026-09-23,24.04,1.2980769230769231
202609120936576886,"Infrastrutture, cosa fare quando si ferma il cantiere? La crisi dei gruppi delle grandi opere. Sul mercato resta Webuild",2026-09-10T18:10:32,COGE,Webuild,IT0003865570,20,0.020885184617606745,2026-09-09,day_before,-0.07959743824336685,-3.8111915073168263,7.9200603174499165,true,2.186,2.012,2026-09-23,1.966,1.2643678160919543
202607021155169035,A2A ed Equinix alleate sul recupero del calore dei data center: a Milano uno dei maggiori progetti europei,2026-07-02T09:44:48,AEM,A2a,IT0001233417,20,0.009381262382151605,2026-07-02,same_day,0.035521582733812895,3.786439530930801,1.3464134566766173,true,2.224,2.303,2026-09-23,2.295,0.8987341772151894
202607231212438257,"Saipem completa i lavori per Neptun Deep, il più grande progetto offshore di gas dell’Unione Europea",2026-07-23T09:47:32,SAIP,Saipem,IT0005495657,20,0.02342423449383544,2026-07-28,later,-0.0885727397888939,-3.7812437291047276,3.9801528441111538,true,4.358,3.972,2026-09-23,4.363,-0.012953367875649704
202609100150262130,"Rinnovabili, si cambia: le nuove regole di Terna per decongestionare la rete",2026-09-09T10:25:26,TRN,Terna,IT0003242622,20,0.007813603324728167,2026-09-15,later,0.028743315508021228,3.678624869150393,1.7387650376739265,true,8.976,9.234,2026-09-23,9.208,0.8992248062015508
202607241027501067,"Italgas accelera sul biometano: operativo l’hub di Gazzo Veronese, capacità della rete quasi illimitata",2026-07-24T08:06:57,IG,Italgas,IT0005211237,20,0.012487694989577856,2026-07-29,later,-0.045435855263157965,-3.638450114378868,3.3902141978223352,true,9.728,9.286,2026-09-23,8.426,2.9457013574660613
202609081436482753,"Seco, utile in calo ma sopra le attese: ricavi a 270 milioni nel 2027 con Neura. Titolo +14%",2026-09-08T12:16:45,IOT,SECO,IT0005438046,20,0.03869971707499,2026-09-08,same_day,0.140625,3.6337474955567575,6.0107485728042604,true,3.52,4.015,2026-09-23,4.42,1.8181818181818192
202607221758427191,Cos'è successo oggi sui mercati: dall'indagine Ue su Saipem-Subsea7 agli affari nella Difesa di GM,2026-07-22T17:53:00,SAIP,Saipem,IT0005495657,20,0.024432964600629974,2026-07-28,later,-0.0885727397888939,-3.6251327350840663,3.874927851786047,true,4.358,3.972,2026-09-23,4.363,-0.012953367875649704
202607091420512880,Piaggio accelera nel secondo trimestre: vendite in crescita del 14% e cassa ai massimi storici,2026-07-09T12:08:01,PIA,Piaggio,IT0003073266,20,0.016173213058952023,2026-07-09,same_day,0.05848291835552977,3.6160358577084923,3.506620948653536,true,1.727,1.828,2026-09-23,1.942,2.128712871287128
202607091521066186,Cos'è successo oggi sui mercati: dal secondo trimestre di crescita per Piaggio al piano chiusure di Volkswagen,2026-07-09T15:13:00,PIA,Piaggio,IT0003073266,20,0.016173213058952023,2026-07-09,same_day,0.05848291835552977,3.6160358577084923,3.506620948653536,true,1.727,1.828,2026-09-23,1.942,2.128712871287128
202607290816401388,"Eni alza la guidance e porta il buyback a 3,4 miliardi: a ottobre può arrivare il dividendo straordinario",2026-07-29T06:06:57,ENISPA,Eni,IT0003132476,20,0.01961880443031738,2026-07-29,same_day,0.07086077674312952,3.611880478997322,1.942258868872306,true,22.015,23.575,2026-09-23,24.04,1.2980769230769231
202607291943148808,Così Eni incasserà 2 miliardi grazie ad Ares e Pimco,2026-07-29T10:04:41,ENISPA,Eni,IT0003132476,20,0.01961880443031738,2026-07-29,same_day,0.07086077674312952,3.611880478997322,1.942258868872306,true,22.015,23.575,2026-09-23,24.04,1.2980769230769231
202607221151563820,"Iren sui massimi di maggio in borsa, Kepler Cheuvreux alza il rating a buy: titolo troppo penalizzato",2026-07-22T09:21:59,AET,Iren,IT0003027817,20,0.011506760514431506,2026-07-22,same_day,0.04060509554140124,3.528803392620824,2.1460699848062608,true,2.512,2.614,2026-09-23,2.478,-0.33333333333333187
202607151332094936,Sol sbarca nei Paesi nordici e accelera nell’assistenza domiciliare: acquisita la danese Nowus Healthcare,2026-07-15T11:11:46,SOL,Sol,IT0001206769,20,0.012859487127001721,2026-07-16,later,0.04448105436573302,3.459006873791559,1.4120276370663927,true,60.7,63.4,2026-09-23,55.7,-1.8518518518518547
202609040935025809,"Industrie De Nora, commessa da 30 milioni nel Sud-Est asiatico per il trattamento delle acque dei semiconduttori",2026-09-04T07:23:13,DNR,Industrie De Nora,IT0005186371,20,0.011615052511075093,2026-09-09,later,-0.03887688984881221,-3.347112706700433,1.1246218796909462,true,6.945,6.675,2026-09-23,6.01,3.462962962962959
202609011949089249,"Enel riavvia l’uscita dalle rinnovabili in India, arrivano tre offerte per Egp",2026-09-01T10:53:27,ENEL,Enel,IT0003128367,20,0.007910712345498713,2026-09-02,later,-0.025865800865800925,-3.2697182928815334,2.089457495035942,true,9.24,9.001,2026-09-23,8.826,1.7322175732217504
202609012023265049,"Utility, cresce il valore dei brand italiani nel mondo. Enel al terzo post nella top 50",2026-09-01T14:52:36,ENEL,Enel,IT0003128367,20,0.007910712345498713,2026-09-02,later,-0.025865800865800925,-3.2697182928815334,2.089457495035942,true,9.24,9.001,2026-09-23,8.826,1.7322175732217504
202607102036293085,"Energia in cassaforte, in quali Etf e titoli investire per beneficiare del megatrend dell’energy storage?",2026-07-10T13:28:43,ENY,Energy,IT0005500712,20,0.021914161214274315,2026-07-17,later,0.07038123167155419,3.211678100903524,3.310344827586207,true,0.682,0.73,2026-09-23,0.64,-0.875000000000002
202607301217146925,Avio accelera nello spazio europeo: il 14 settembre il lancio Vega C con i satelliti Copernicus e Flex,2026-07-30T09:42:45,SPA2,Avio,IT0005119810,20,0.017747788056710925,2026-08-06,later,0.0567125921179108,3.1954738211146383,1.2532831453955,true,31.21,32.98,2026-09-23,29.21,-1.1299435028248612
202608270903428328,A2a: il titolo prova un recupero,2026-08-27T07:03:31,AEM,A2a,IT0001233417,20,0.008213013469946418,2026-09-02,later,-0.026064291920069538,-3.173535757057462,1.3098958330443864,true,2.302,2.242,2026-09-23,2.295,0.11666666666666851
202607140940064972,"Crisi Volkswagen, chiusure non solo in Germania: a rischio due impianti anche in Est Europa con altri 20 mila tagli",2026-07-14T07:37:36,MPT,Impianti,IT0005518953,20,0.018551164718857094,2026-07-20,later,0.05869074492099324,3.1637229150002977,0.8219178082191779,true,0.886,0.938,2026-09-23,1.055,3.2500000000000027
202607020731135662,Nexi: il titolo strappa al rialzo,2026-07-02T05:31:08,NEXI,Nexi,IT0005366767,20,0.020375447698097026,2026-07-01,day_before,0.0643704121964992,3.1592146170369104,1.9882861882689642,true,3.542,3.77,2026-09-23,4.141,2.627192982456139
202609100802153352,"Intesa Sanpaolo, l’opas sul Montepaschi alla prova dei soci",2026-09-09T15:38:05,AMBR,Intesa Sanpaolo,IT0000072618,20,0.008107996239539854,2026-09-11,later,0.025517862503752653,3.1472464650773992,1.0319635209811722,true,6.662,6.832,2026-09-23,6.707,0.26470588235294085
202609071827561213,"Intesa Sanpaolo, previsti sì oltre il 90% all’assemblea per l’opas su Mps",2026-09-07T10:49:09,AMBR,Intesa Sanpaolo,IT0000072618,20,0.008111187857372578,2026-09-11,later,0.025517862503752653,3.1460080758157343,1.0250328555694528,true,6.662,6.832,2026-09-23,6.707,0.26470588235294085
202609080639592674,"Intesa Sanpaolo, le pmi aerospaziali italiane alla conquista degli Usa",2026-09-07T10:41:33,AMBR,Intesa Sanpaolo,IT0000072618,20,0.008111187857372578,2026-09-11,later,0.025517862503752653,3.1460080758157343,1.0250328555694528,true,6.662,6.832,2026-09-23,6.707,0.26470588235294085
202609051353286389,"Mps, Freni promuove l’opas di Intesa Sanpaolo: «È intelligente, l’altra è difensiva». Mef in uscita al momento opportuno",2026-09-05T11:35:09,AMBR,Intesa Sanpaolo,IT0000072618,20,0.008111187857372578,2026-09-11,later,0.025517862503752653,3.1460080758157343,1.0250328555694528,true,6.662,6.832,2026-09-23,6.707,0.26470588235294085
202607211301587078,Ecco perché Poste Italiane vuole prendere tutta Tim e ritirarla da Piazza Affari,2026-07-20T09:53:47,PST,Poste Italiane,IT0003796171,20,0.011656514869960279,2026-07-24,later,-0.03647752394988957,-3.129367942033421,1.8065625192059924,true,27.14,26.15,2026-09-23,25.46,1.6969696969696932
202609042211238272,"Intesa Sanpaolo, tutto quello che c’è da sapere sull’assemblea del 10 settembre per l’opas su Mps",2026-09-04T09:11:01,AMBR,Intesa Sanpaolo,IT0000072618,20,0.008175982961909658,2026-09-11,later,0.025517862503752653,3.1210757926766113,0.9908699317528411,true,6.662,6.832,2026-09-23,6.707,0.26470588235294085
202608061207114529,"Banco Bpm vola, gli analisti alzano i target price: il titolo ora può rendere l'8,5%",2026-08-06T09:22:12,BAMI,Banco Bpm,IT0005218380,20,0.012605318922972576,2026-08-06,same_day,0.03932244404113727,3.119512031502356,2.719478808997978,true,16.53,17.18,2026-09-23,16.285,-0.3769230769230793
202607071259185428,"Fincantieri, Equita promuove il titolo a Buy: l’underwater diventa il secondo motore del gruppo",2026-07-07T10:44:26,FCT,Fincantieri,IT0005599938,20,0.03670486315218106,2026-07-06,day_before,0.11422018348623841,3.111854225220052,2.803871636803933,true,10.9,12.145,2026-09-23,12.435,1.2329317269076314
202607071417067790,"Fincantieri, il ceo Folgiero: «Il futuro della guerra è sott'acqua: ciò che vola si vede, ciò che è in mare no»",2026-07-07T11:58:33,FCT,Fincantieri,IT0005599938,20,0.03670486315218106,2026-07-06,day_before,0.11422018348623841,3.111854225220052,2.803871636803933,true,10.9,12.145,2026-09-23,12.435,1.2329317269076314
202607141440186874,Hitachi Energy si aggiudica la gara da 770 milioni per le stazioni di conversione del progetto 'Elmed',2026-07-14T14:38:00,ENY,Energy,IT0005500712,20,0.022638542244758305,2026-07-17,later,0.07038123167155419,3.1089118243843705,3.3743409490333915,true,0.682,0.73,2026-09-23,0.64,-0.875000000000002
202609101405465587,"Garofalo Health Care, l’utile frena ma i ricavi aumentano. In cerca di nuove opportunità di crescita m&a",2026-09-10T10:54:03,GHC,Garofalo Health Care,IT0005345233,20,0.00961945123171229,2026-09-10,same_day,-0.02985074626865669,-3.103165196185851,1.9687557579426707,true,5.36,5.2,2026-09-23,5.38,-0.12499999999999722
202608270925452473,"Maire, nuovi ordini per 110 milioni: la controllata Tecnimont si rafforza nel gas in Sud America e in Asia",2026-08-27T06:46:19,MT,Maire,IT0004931058,20,0.010647705668171484,2026-08-27,same_day,0.03267973856209161,3.0691812471656776,1.3494460618008355,true,12.24,12.64,2026-09-23,12.19,-0.12500000000000167
202607172101026204,"Ignazio Visco: servono campioni bancari europei, bene Unicredit-Commerz. Da Hormuz arriva troppa incertezza",2026-07-16T16:39:56,CRIT,Unicredit,IT0005239360,20,0.015660884894511354,2026-07-23,later,-0.04795096743179905,-3.0618300150206936,1.8223087582397297,true,83.21,79.22,2026-09-23,83.47,-0.0651629072681718
202607151132204998,Nuovi Top Bonus Recovery da Unicredit,2026-07-16T11:30:00,CRIT,Unicredit,IT0005239360,20,0.015660884894511354,2026-07-23,later,-0.04795096743179905,-3.0618300150206936,1.8223087582397297,true,83.21,79.22,2026-09-23,83.47,-0.0651629072681718
202609071055455510,"Lottomatica corre a Piazza Affari (+7,3%), ecco perché",2026-09-07T08:41:27,LTMC,Lottomatica,IT0005541336,20,0.025333588926459063,2026-09-07,same_day,0.07704985578904,3.041410990472302,2.558399099538099,true,24.27,26.14,2026-09-23,27.44,1.6951871657754012
202609061158107938,"Betting, da Lottomatica ad Allwyn: i big del settore puntano sulla taglia per vincere le sfide del settore",2026-09-04T11:10:10,LTMC,Lottomatica,IT0005541336,20,0.025361099258857038,2026-09-07,later,0.07704985578904,3.0381118342940647,2.685895060418189,true,24.27,26.14,2026-09-23,27.44,1.6951871657754012
202608040723257308,Banco Bpm: il titolo allunga al rialzo,2026-08-04T05:23:19,BAMI,Banco Bpm,IT0005218380,20,0.012967114863350856,2026-08-06,later,0.03932244404113727,3.0324744135856205,2.726405552000261,true,16.53,17.18,2026-09-23,16.285,-0.3769230769230793
202607311000585773,"Mps-Banco Bpm, Crédit Agricole boccia la fusione: molto difficile che crei valore",2026-07-31T08:00:16,BAMI,Banco Bpm,IT0005218380,20,0.013042054258302132,2026-08-06,later,0.03932244404113727,3.015049873458848,2.843036677447274,true,16.53,17.18,2026-09-23,16.285,-0.3769230769230793
202607312028394054,Banco Bpm interrompe le trattative con Mps dopo il no del vertice dell’Agricole alla fusione. Siena: aperti a ogni opzione strategica,2026-07-31T18:28:25,BAMI,Banco Bpm,IT0005218380,20,0.013042054258302132,2026-08-06,later,0.03932244404113727,3.015049873458848,2.843036677447274,true,16.53,17.18,2026-09-23,16.285,-0.3769230769230793
202607301841279518,"Eni, gli investimenti per il rilancio di Versalis superano i 2 miliardi di euro",2026-07-30T15:39:16,ENISPA,Eni,IT0003132476,20,0.0235147798618609,2026-07-29,day_before,0.07086077674312952,3.013456947477533,1.8583197581990796,true,22.015,23.575,2026-09-23,24.04,1.2980769230769231
202607171231134213,"Euromoney awards, Unicredit premiata come miglior banca d’Europa. In Italia vince Bper",2026-07-17T10:24:59,CRIT,Unicredit,IT0005239360,20,0.016008263166108108,2026-07-23,later,-0.04795096743179905,-2.995388502440317,1.8934834873459743,true,83.21,79.22,2026-09-23,83.47,-0.0651629072681718
202607171012006021,"Unicredit, l'analisi tecnica: nuovo pullback dopo il tentativo di allungo",2026-07-17T10:15:00,CRIT,Unicredit,IT0005239360,20,0.016008263166108108,2026-07-23,later,-0.04795096743179905,-2.995388502440317,1.8934834873459743,true,83.21,79.22,2026-09-23,83.47,-0.0651629072681718
202609101905313642,Prysmian colloca nuove azioni per 850 milioni a 121 euro: sconto del 2%. Così finanzia in parte l’acquisizione di Atkore,2026-09-10T17:01:17,PRY,Prysmian,IT0004176001,20,0.023695062642167336,2026-09-14,later,-0.07072691552062871,-2.984879870913035,2.362470649719289,true,127.25,118.25,2026-09-23,127.25,-0.0
202607101451506164,"Nexi vola a Piazza Affari (+6%): boom di volumi, cosa sta succedendo al titolo",2026-07-10T12:37:03,NEXI,Nexi,IT0005366767,20,0.02114298439157188,2026-07-10,same_day,0.06307277628032337,2.9831538969241143,2.592656493383321,true,3.71,3.944,2026-09-23,4.141,1.8418803418803422
202607220820328378,"Racing Force accelera: ricavi record a 46,8 milioni nel primo semestre 2026 (+19,1%)",2026-07-22T06:07:19,RFG,Racing Force,IT0005466963,20,0.025084445317197956,2026-07-22,same_day,0.07414829659318634,2.9559472276769894,4.096337013694736,true,4.99,5.36,2026-09-23,5.0,0.027027027027026442
202608180856515326,"Seco, KarL4 sbarca negli Usa: dal contactless dei binocoli al vending",2026-08-18T06:43:16,IOT,SECO,IT0005438046,20,0.02175744363786825,2026-08-21,later,0.06373937677053831,2.929543462523402,2.810411166337654,true,3.53,3.755,2026-09-23,4.42,3.9555555555555544
202608171244257144,"FinecoBank, Berenberg: crescita a effetto valanga, nuovo target price",2026-08-17T10:13:32,FBK,FinecoBank,IT0000072170,20,0.01070270657461103,2026-08-18,later,-0.03132628152969896,-2.926949488086611,1.1512521678263965,true,24.58,23.81,2026-09-23,22.45,2.7662337662337664
202609190906155295,Fiere dei loro profitti: così Ieg e Fiera Milano corrono come tech nonostante un business da old economy,2026-09-18T09:40:52,FMI,Fiera Milano,IT0003365613,20,0.011884799997428364,2026-09-21,later,0.03475935828876997,2.9246902174450735,1.6560779634163285,true,7.48,7.74,2026-09-23,7.59,0.42307692307692124
202609161423461019,Stati Uniti ed Europa colpiti dalla stessa tempesta: perché la risposta è diversa. L’analisi di Lfg Zest,2026-09-16T11:31:08,FDP,ZEST,IT0005013013,20,0.019809893523332105,2026-09-22,later,0.05791505791505802,2.923542110251407,9.67967894534789,true,0.1295,0.137,2026-09-23,0.134,0.6
202609111818479250,Cos'è successo oggi sui mercati: dall'aumento di capitale di Prysmian all'uscita di Arnault dalla top ten dei paperoni,2026-09-11T18:02:00,PRY,Prysmian,IT0004176001,20,0.024330411687336975,2026-09-14,later,-0.07072691552062871,-2.9069345981284522,2.4275490594885745,true,127.25,118.25,2026-09-23,127.25,-0.0
202608051826382523,"Banco Bpm, il ceo Castagna: molto solida una fusione con Crédit Agricole Italia. Archiviato definitivamente il dossier Mps",2026-08-05T16:17:16,BAMI,Banco Bpm,IT0005218380,20,0.013570112860108088,2026-08-06,later,0.03932244404113727,2.897724171236116,2.695123026278522,true,16.53,17.18,2026-09-23,16.285,-0.3769230769230793
202608051827031252,Cos'è successo oggi sui mercati: dall'utile Banco Bpm oltre il miliardo nel semestre all'ennesimo ko di SpaceX dopo i conti,2026-08-05T18:18:00,BAMI,Banco Bpm,IT0005218380,20,0.013570112860108088,2026-08-06,later,0.03932244404113727,2.897724171236116,2.695123026278522,true,16.53,17.18,2026-09-23,16.285,-0.3769230769230793
202609110915249931,Il cda di Trevi boccia all’unisono l’offerta tutta in azioni di Icop: fondata su sinergie incerte,2026-09-10T11:25:43,TFI,Trevi,IT0005709909,20,0.008124275071213565,2026-09-09,day_before,-0.023489932885906062,-2.8913266328385467,5.234681512489005,true,4.768,4.656,2026-09-23,4.72,0.42857142857142855
202607231813282590,Cos'è successo oggi sui mercati: dai conti record di Unicredit alla maxi multa Ue a Google,2026-07-23T18:05:00,CRIT,Unicredit,IT0005239360,20,0.016593200115993165,2026-07-23,same_day,-0.04795096743179905,-2.889796247655813,2.0971453122303805,true,83.21,79.22,2026-09-23,83.47,-0.0651629072681718
202607231002182194,"Unicredit, l'analisi tecnica: prese di beneficio dopo la trimestrale",2026-07-23T10:00:00,CRIT,Unicredit,IT0005239360,20,0.016593200115993165,2026-07-23,same_day,-0.04795096743179905,-2.889796247655813,2.0971453122303805,true,83.21,79.22,2026-09-23,83.47,-0.0651629072681718
202607232054091064,"Unicredit-Commerzbank, i ceo Orcel e Orlopp pronti al primo confronto dopo l’ops",2026-07-23T18:13:47,CRIT,Unicredit,IT0005239360,20,0.016593200115993165,2026-07-23,same_day,-0.04795096743179905,-2.889796247655813,2.0971453122303805,true,83.21,79.22,2026-09-23,83.47,-0.0651629072681718
202607230729281860,"Unicredit, utili semestrali oltre le attese a 6,1 miliardi. E arriva l’acconto sul dividendo. Manovra da 5 miliardi sul capitale",2026-07-23T04:45:36,CRIT,Unicredit,IT0005239360,20,0.016593200115993165,2026-07-23,same_day,-0.04795096743179905,-2.889796247655813,2.0971453122303805,true,83.21,79.22,2026-09-23,83.47,-0.0651629072681718
202609071250415467,"Quantum computing, la joint venture MB Speedup di Mediobanca e Founders Factory punta sulla polacca FinQbit",2026-09-07T10:38:14,MEDIOB,Mediobanca,IT0000062957,20,0.01115353986548425,2026-09-14,later,-0.03217993079584769,-2.885176471680683,1.2641504472731044,true,28.9,27.97,2026-09-23,28.77,0.1397849462365581
202608031348455779,"Enav, ricavi in crescita del 7,4% a 479,8 milioni grazie al traffico aereo record",2026-08-03T11:28:33,ENAV,Enav,IT0005176406,20,0.01105011383385024,2026-08-03,same_day,0.031620553359683834,2.8615590603980365,1.8885376022819744,true,5.06,5.22,2026-09-23,4.94,-0.7499999999999944
202609081405598107,"Delfin, arbitrato di 18 mesi sulla penale da 500 milioni di Leonardo Maria Del Vecchio. Debito verso la rinegoziazione",2026-09-08T11:50:49,FINME,Leonardo,IT0003856405,20,0.014142187611698446,2026-09-09,later,-0.039964476021314366,-2.825904811802643,1.5239529014342643,true,50.67,48.645,2026-09-23,50.45,0.10864197530864149
202609081524001892,"Delfin, arbitrato di 18 mesi sulla penale da 500 milioni di Leonardo Maria Del Vecchio. Debito verso la rinegoziazione",2026-09-08T13:10:50,FINME,Leonardo,IT0003856405,20,0.014142187611698446,2026-09-09,later,-0.039964476021314366,-2.825904811802643,1.5239529014342643,true,50.67,48.645,2026-09-23,50.45,0.10864197530864149
202607210954266317,"Unicredit, l'analisi tecnica: confermato il recupero dopo il test a 80 euro",2026-07-21T09:45:00,CRIT,Unicredit,IT0005239360,20,0.016977294956807283,2026-07-23,later,-0.04795096743179905,-2.824417408886004,2.060499535120555,true,83.21,79.22,2026-09-23,83.47,-0.0651629072681718
202607211900456779,"Unicredit, Moody's verso la promozione dopo l'ops su Commerzbank. E Fitch conferma i rating",2026-07-21T12:27:09,CRIT,Unicredit,IT0005239360,20,0.016977294956807283,2026-07-23,later,-0.04795096743179905,-2.824417408886004,2.060499535120555,true,83.21,79.22,2026-09-23,83.47,-0.0651629072681718
202607201111468996,Nove Cash Collect Memory Step-Down da Unicredit,2026-07-20T11:15:00,CRIT,Unicredit,IT0005239360,20,0.016983090424411883,2026-07-23,later,-0.04795096743179905,-2.8234535784413675,2.01376204916356,true,83.21,79.22,2026-09-23,83.47,-0.0651629072681718
202607201047059512,"Unicredit, l'analisi tecnica: doppia tenuta della base a 80 euro",2026-07-20T10:45:00,CRIT,Unicredit,IT0005239360,20,0.016983090424411883,2026-07-23,later,-0.04795096743179905,-2.8234535784413675,2.01376204916356,true,83.21,79.22,2026-09-23,83.47,-0.0651629072681718
202607201204542078,"Unicredit, da Cdp 1,8 miliardi per finanziare pmi e imprese del Sud: ecco come saranno utilizzati",2026-07-20T09:54:45,CRIT,Unicredit,IT0005239360,20,0.016983090424411883,2026-07-23,later,-0.04795096743179905,-2.8234535784413675,2.01376204916356,true,83.21,79.22,2026-09-23,83.47,-0.0651629072681718
202607221014083035,"Unicredit, l'analisi tecnica: verso un decisivo test a 83 euro",2026-07-22T10:15:00,CRIT,Unicredit,IT0005239360,20,0.017028695618740937,2026-07-23,later,-0.04795096743179905,-2.8158919805358784,2.0952225292496927,true,83.21,79.22,2026-09-23,83.47,-0.0651629072681718
202608041115454911,"The Italian Sea Group, arriva il cavaliere bianco: SRI Global e Finvacchi pronti a rilevare il costruttore di superyacht",2026-08-04T08:43:30,TISG,The Italian Sea Group,IT0005439085,20,0.04982072563921431,2026-08-11,later,0.13875598086124397,2.785105577668021,6.135111207437701,true,1.254,1.428,2026-09-23,1.19,-0.3678160919540235
202608051152488168,"The Italian Sea Group, patrimonio negativo per 392 milioni. Ma avanza la partita del salvataggio",2026-08-05T09:06:33,TISG,The Italian Sea Group,IT0005439085,20,0.050159064173560045,2026-08-11,later,0.13875598086124397,2.7663191717676687,5.980592559438013,true,1.254,1.428,2026-09-23,1.19,-0.3678160919540235
202607280956413997,"Lottomatica accelera nel semestre, ricavi a 1,18 miliardi e margini in crescita. Guidance confermata",2026-07-28T07:39:33,LTMC,Lottomatica,IT0005541336,20,0.014521395087642329,2026-07-29,later,-0.03998384491114704,-2.7534437751902496,5.2410998936759565,true,24.76,23.77,2026-09-23,27.44,-2.7070707070707014
202609071731215565,Leonardo apre la campagna acquisti a Kiev grazie alla newco Leonardo Ukraine,2026-09-07T10:45:03,FINME,Leonardo,IT0003856405,20,0.014563712289020295,2026-09-09,later,-0.039964476021314366,-2.7441132609742587,1.512866623623971,true,50.67,48.645,2026-09-23,50.45,0.10864197530864149
202609141711212170,"Sesa, ricavi a 901 milioni nel primo trimestre 2027 e utile su dell’8,1%. Per i soci dividendo in arrivo",2026-09-14T14:59:42,MI1,Sesa,IT0004729759,20,0.013830066235239389,2026-09-17,later,0.0378947368421052,2.740025694565972,1.5471609019006018,true,95.0,98.6,2026-09-23,94.15,-0.2361111111111099
202607152149042883,"Generali, il ceo Philippe Donnet rilancia le Procuratie Vecchie a Venezia: sono il simbolo del nostro legame con il territorio",2026-07-15T14:36:56,GENE,Generali,IT0000062072,20,0.008166645182959533,2026-07-16,later,0.022351797862002032,2.7369620402562784,0.9430133632233185,true,41.16,42.08,2026-09-23,43.24,2.260869565217393
202607151919093858,Mattarella inaugura a Roma la mostra Generali: oltre 50 capolavori della collezione privata,2026-07-15T10:02:28,GENE,Generali,IT0000062072,20,0.008166645182959533,2026-07-16,later,0.022351797862002032,2.7369620402562784,0.9430133632233185,true,41.16,42.08,2026-09-23,43.24,2.260869565217393
202607291151063191,"Enav, contratto in Grecia per nuove procedure di volo in 31 aeroporti",2026-07-29T09:04:09,ENAV,Enav,IT0005176406,20,0.01167034315648281,2026-08-03,later,0.031620553359683834,2.709479313135603,1.9792669971244226,true,5.06,5.22,2026-09-23,4.94,-0.7499999999999944
202608052019473132,Bff Bank regge nel semestre: crescono giro d’affari e utili dell’istituto finito sotto il faro di Bankitalia,2026-08-05T10:49:31,BFF,Bff Bank,IT0005244402,20,0.021731895157943066,2026-08-06,later,0.05882352941176472,2.7067832319384517,5.122388391891749,true,3.06,3.24,2026-09-23,2.946,-0.6333333333333321
202608100800422256,"The Italian Sea Group, al via la gara per il salvataggio: due strade per trovare un investitore",2026-08-10T05:49:21,TISG,The Italian Sea Group,IT0005439085,20,0.05129669730534507,2026-08-11,later,0.13875598086124397,2.7049690945070983,5.48860649068739,true,1.254,1.428,2026-09-23,1.19,-0.3678160919540235
202608270929199870,"Unicredit, l'analisi tecnica: importante una conferma del breakout di 86 euro",2026-08-27T09:30:00,CRIT,Unicredit,IT0005239360,20,0.011785975481769587,2026-08-27,same_day,-0.03168891468369128,-2.688696810264652,1.2883715912263904,true,86.15,83.42,2026-09-23,83.47,0.9816849816849827
202608271038577286,"Commerzbank, disgelo tra Berlino e Unicredit: Orcel vede il ministro delle Finanze il 14 settembre",2026-08-27T08:26:38,CRIT,Unicredit,IT0005239360,20,0.011785975481769587,2026-08-27,same_day,-0.03168891468369128,-2.688696810264652,1.2883715912263904,true,86.15,83.42,2026-09-23,83.47,0.9816849816849827
202607150839529736,"Seco supera le attese con ricavi a 50 milioni nel secondo trimestre, nel terzo previsti 60 milioni",2026-07-15T06:25:52,IOT,SECO,IT0005438046,20,0.02570167399859991,2026-07-15,same_day,0.06869009584664543,2.672592293030691,8.49525466287705,true,3.13,3.345,2026-09-23,4.42,5.999999999999992
202609111749034680,"Risiko bancario, ecco la carta della Bce che può cambiare la partita su Generali",2026-09-11T12:22:22,GENE,Generali,IT0000062072,20,0.007386887081316759,2026-09-18,later,-0.019701234033340453,-2.6670549876374428,3.4463858725290373,true,46.19,45.28,2026-09-23,43.24,3.2417582417582493
202607071613229787,Credem accelera su gestione patrimoniale e private banking,2026-07-07T16:06:00,EURM,Credem,IT0003121677,20,0.015357020140201733,2026-07-09,later,0.04080491894913352,2.657085722139158,1.4998389512686812,true,17.89,18.62,2026-09-23,21.08,4.369863013698624
202608072023255051,Crédit Agricole vuole prendersi Banco Bpm. Ecco come può essere il nuovo gruppo a trazione francese e quanto può valere,2026-08-07T09:17:55,BAMI,Banco Bpm,IT0005218380,20,0.014815110419389686,2026-08-06,day_before,0.03932244404113727,2.6542120124648503,2.4938931721012754,true,16.53,17.18,2026-09-23,16.285,-0.3769230769230793
202607311637375360,"Cdp rileva l’85% di T-Defense, gli asset della difesa di Tinexta",2026-07-31T13:43:01,TECN,Tinexta,IT0005037210,20,0.002528905591236396,2026-07-31,same_day,0.006693440428380271,2.646773549623816,1.5462162260069447,true,14.94,15.04,,,
202608242149589793,Leonardo Maria Del Vecchio lascia EssilorLuxottica: gestione distante e impersonale. La lettera di dimissioni,2026-08-24T10:25:00,FINME,Leonardo,IT0003856405,20,0.015083015340811691,2026-08-28,later,-0.03960036330608541,-2.6254938028826746,1.1781651414598104,true,55.05,52.87,2026-09-23,50.45,2.1100917431192636
202609141814169005,"In Generali le polizze puro rischio valgono 2,6 miliardi",2026-09-14T10:40:10,GENE,Generali,IT0000062072,20,0.007526300725455093,2026-09-18,later,-0.019701234033340453,-2.617651719218166,3.422659565379589,true,46.19,45.28,2026-09-23,43.24,3.2417582417582493
202609141046548357,"Streaming, AI e M&A: così cambia il mercato Media & Entertainment. L’analisi dell’Area Studi Mediobanca",2026-09-14T08:24:07,MEDIOB,Mediobanca,IT0000062957,20,0.012401649938991737,2026-09-14,same_day,-0.03217993079584769,-2.594810444912779,1.2476365454238616,true,28.9,27.97,2026-09-23,28.77,0.1397849462365581
202609140621227575,Mediobanca: resistenza a quota 29 euro,2026-09-14T04:21:11,MEDIOB,Mediobanca,IT0000062957,20,0.012401649938991737,2026-09-14,same_day,-0.03217993079584769,-2.594810444912779,1.2476365454238616,true,28.9,27.97,2026-09-23,28.77,0.1397849462365581
202609091108567418,Qualcomm e Amazon insieme sui chip per l’AI: riflessi positivi per StM e Technoprobe,2026-09-09T08:29:54,TPRO,Technoprobe,IT0005482333,20,0.033079351436316955,2026-09-14,later,-0.08580645161290323,-2.593958100360413,2.4400062411176617,true,31.0,28.34,2026-09-23,30.98,0.007518796992481042
202607291958319212,Il socio Polaris boccia l’ops di Icop su Trevi,2026-07-29T10:14:07,TFI,Trevi,IT0005709909,20,0.03185207891714797,2026-07-30,later,0.0826210826210827,2.5938992188231267,2.6311957616170876,true,4.212,4.56,2026-09-23,4.72,1.4597701149425293
202607301453504375,Il trimestre di Azimut batte le attese. Riviste al rialzo da 10 a 35 miliardi le stime di raccolta 2026. Al via buy back,2026-07-30T12:52:45,AZM,Azimut,IT0003261697,20,0.015119413547495724,2026-07-30,same_day,0.039204545454545325,2.59299379115395,2.6812835052675457,true,35.2,36.58,2026-09-23,39.36,3.014492753623196
202608261226513744,"Banche europee, Citi lancia l’allarme: la fase rialzista si avvicina alla fine. Unicredit resta buy",2026-08-26T09:07:15,CRIT,Unicredit,IT0005239360,20,0.012370152634921024,2026-08-27,later,-0.03168891468369128,-2.561723821760555,1.308279347170679,true,86.15,83.42,2026-09-23,83.47,0.9816849816849827
202608261333018397,Nuovi Turbo sugli indici Usa da Unicredit,2026-08-26T13:30:00,CRIT,Unicredit,IT0005239360,20,0.012370152634921024,2026-08-27,later,-0.03168891468369128,-2.561723821760555,1.308279347170679,true,86.15,83.42,2026-09-23,83.47,0.9816849816849827
202609141256401987,Nuova tranche di Step Down Express per Intesa SanPaolo,2026-09-14T12:45:00,AMBR,Intesa Sanpaolo,IT0000072618,20,0.009966611550771127,2026-09-11,day_before,0.025517862503752653,2.5603348112607347,1.0126002165596641,true,6.662,6.832,2026-09-23,6.707,0.26470588235294085
202607282029241915,"Colpo di Azimut in Turchia, compra società di gestione da 23 miliardi di euro. Parla Pietro Giuliani",2026-07-28T10:14:30,AZM,Azimut,IT0003261697,20,0.015333793328946126,2026-07-30,later,0.039204545454545325,2.556741480305305,2.6116778344310947,true,35.2,36.58,2026-09-23,39.36,3.014492753623196
202609032105376096,"Delfin, Leonardo Maria Del Vecchio scrive ai revisori e chiede trasparenza sui conti e cda",2026-09-03T15:10:48,FINME,Leonardo,IT0003856405,20,0.0156326007810791,2026-09-09,later,-0.039964476021314366,-2.556482864302741,1.4413702009160954,true,50.67,48.645,2026-09-23,50.45,0.10864197530864149
202609031349049819,"Delfin, Leonardo Maria Del Vecchio scrive ai revisori. Alta tensione sulla trasparenza del board",2026-09-03T11:49:00,FINME,Leonardo,IT0003856405,20,0.0156326007810791,2026-09-09,later,-0.039964476021314366,-2.556482864302741,1.4413702009160954,true,50.67,48.645,2026-09-23,50.45,0.10864197530864149
202609031459516646,"Leonardo, maxi-ordine per Atr da un miliardo di dollari dall’India. Ma in borsa il titolo scende",2026-09-03T12:49:34,FINME,Leonardo,IT0003856405,20,0.0156326007810791,2026-09-09,later,-0.039964476021314366,-2.556482864302741,1.4413702009160954,true,50.67,48.645,2026-09-23,50.45,0.10864197530864149
202608250850523345,"Unicredit, l'analisi tecnica: importante reazione dal supporto a 83 euro",2026-08-25T08:45:00,CRIT,Unicredit,IT0005239360,20,0.012398137173055756,2026-08-27,later,-0.03168891468369128,-2.555941609724983,1.2871820642223668,true,86.15,83.42,2026-09-23,83.47,0.9816849816849827
202607140932416658,"Nexi, Il ceo Bernanrdo Mingrone: ecco perché l’euro digitale potrà favorirci",2026-07-13T11:04:28,NEXI,Nexi,IT0005366767,20,0.024689175567672944,2026-07-10,day_before,0.06307277628032337,2.5546732456675643,2.4171157072045757,true,3.71,3.944,2026-09-23,4.141,1.8418803418803422
202607121833599068,Nexi: il quadro tecnico sta migliorando,2026-07-12T16:33:53,NEXI,Nexi,IT0005366767,20,0.024689175567672944,2026-07-10,day_before,0.06307277628032337,2.5546732456675643,2.4171157072045757,true,3.71,3.944,2026-09-23,4.141,1.8418803418803422
202609111817042189,"Enel, la controllata Usa torna a fare cassa e avvia una nuova fase di m&a nelle rinnovabili",2026-09-11T15:12:55,ENEL,Enel,IT0003128367,20,0.009415127619361804,2026-09-14,later,-0.024003572624762715,-2.549468641869538,1.2046862156035576,true,8.957,8.742,2026-09-23,8.826,0.6093023255813969
202607071043389744,"Prysmian, Jefferies e Citi vedono ancora upside dopo il +64% nel 2026: la scommessa sulla fibra per gli hyperscaler",2026-07-07T07:43:41,PRY,Prysmian,IT0004176001,20,0.025904180779914878,2026-07-07,same_day,-0.06596858638743452,-2.546638588879216,1.6181095668388537,true,143.25,133.8,2026-09-23,127.25,1.6931216931216952
202609111536003936,Il vero tesoro del risiko bancario? È nelle reti dei consulenti,2026-09-10T12:23:30,RETI,Reti,IT0005418204,20,0.015895085881217144,2026-09-15,later,-0.04022988505747127,-2.5309636801025404,2.5477707006369426,true,1.74,1.67,2026-09-23,1.62,1.714285714285711
202608241338018940,"Unicredit-Commerzbank, Weidmann tende la mano a Orcel. Si tratta sulla governance",2026-08-24T11:05:50,CRIT,Unicredit,IT0005239360,20,0.012566997583040132,2026-08-27,later,-0.03168891468369128,-2.5215978975326014,1.232981748864071,true,86.15,83.42,2026-09-23,83.47,0.9816849816849827
202608241156498463,"Treasury Usa in recupero, Cazzulani (Unicredit): rischio sulla duration e premi a termine sotto pressione",2026-08-24T08:48:20,CRIT,Unicredit,IT0005239360,20,0.012566997583040132,2026-08-27,later,-0.03168891468369128,-2.5215978975326014,1.232981748864071,true,86.15,83.42,2026-09-23,83.47,0.9816849816849827
202608241043352114,"Unicredit, l'analisi tecnica: senza direzione attorno a 83 euro",2026-08-24T10:30:00,CRIT,Unicredit,IT0005239360,20,0.012566997583040132,2026-08-27,later,-0.03168891468369128,-2.5215978975326014,1.232981748864071,true,86.15,83.42,2026-09-23,83.47,0.9816849816849827
202607201250235364,"Enel, il 30 luglio i conti: Citi vede un ebitda solido ed Equita la conferma della guidance 2026 nella parte alta del range",2026-07-20T10:27:00,ENEL,Enel,IT0003128367,20,0.010455066404595188,2026-07-20,same_day,-0.026357199055861424,-2.520997766621259,1.198293052949364,true,10.168,9.9,2026-09-23,8.826,5.00746268656718
202609111012377134,"Commerzbank, Berlino tratta con Unicredit: sul tavolo occupazione, marchio e quotazione a Francoforte",2026-09-11T08:08:29,CRIT,Unicredit,IT0005239360,20,0.012165666917137852,2026-09-18,later,-0.030473231357552755,-2.504854979600413,5.228989061139453,true,83.68,81.13,2026-09-23,83.47,0.08235294117647335
202609112106056232,"Dal gas al cemento, passando per Unicredit e Ferrari: chi prende la rincorsa? Cosa c'è sotto la lente degli analisti",2026-09-11T18:45:56,CRIT,Unicredit,IT0005239360,20,0.012165666917137852,2026-09-18,later,-0.030473231357552755,-2.504854979600413,5.228989061139453,true,83.68,81.13,2026-09-23,83.47,0.08235294117647335
202609120811158677,"Unicredit ha un jolly per Commerzbank. Ecco il piano di Orcel per convincere Berlino su sede, dipendenti e quotazione",2026-09-11T12:23:27,CRIT,Unicredit,IT0005239360,20,0.012165666917137852,2026-09-18,later,-0.030473231357552755,-2.504854979600413,5.228989061139453,true,83.68,81.13,2026-09-23,83.47,0.08235294117647335
202609142227321117,Su Hvb-Commerz Unicredit è pronta a cedere su sede e borsa di quotazione,2026-09-14T10:41:06,CRIT,Unicredit,IT0005239360,20,0.012753457827031028,2026-09-21,later,0.0319240724762726,2.5031699566692684,1.169808140212133,true,81.13,83.72,2026-09-23,83.47,0.9034749034749036
202609141011321932,"Unicredit, l'analisi tecnica: falsa partenza, dinamica contrastata",2026-09-14T10:00:00,CRIT,Unicredit,IT0005239360,20,0.012753457827031028,2026-09-21,later,0.0319240724762726,2.5031699566692684,1.169808140212133,true,81.13,83.72,2026-09-23,83.47,0.9034749034749036
202607201719364508,"Cessione del quinto, Credem e Sella puntano Sigla Credit. Ma il fondo Alchemy vuole più soldi",2026-07-20T10:20:01,EURM,Credem,IT0003121677,20,0.012223496003025034,2026-07-23,later,-0.030558482613277205,-2.4999789426621226,1.0473242649632397,true,18.98,18.4,2026-09-23,21.08,-3.6206896551723986
202607021115128343,Amplifon crescerà a doppia cifra fino al 2031 con GN Hearing: Equita alza il rating a buy,2026-07-02T08:17:07,AMP,Amplifon,IT0004056880,20,0.018878124869807365,2026-07-03,later,0.04712301587301582,2.4961703663896078,1.869415474395397,true,10.08,10.555,2026-09-23,11.82,3.6631578947368455
202609160746346396,"Unicredit-Commerzbank, la trattativa frena su tagli e consiglio di sorveglianza",2026-09-15T11:06:27,CRIT,Unicredit,IT0005239360,20,0.012800490724336486,2026-09-21,later,0.0319240724762726,2.493972548691284,1.133401388690769,true,81.13,83.72,2026-09-23,83.47,0.9034749034749036
202609151019082886,"Unicredit, l'analisi tecnica: pericolosa una conferma sotto 83 euro",2026-09-15T10:15:00,CRIT,Unicredit,IT0005239360,20,0.012800490724336486,2026-09-21,later,0.0319240724762726,2.493972548691284,1.133401388690769,true,81.13,83.72,2026-09-23,83.47,0.9034749034749036
202607161813116563,Confinvest Oro accelera nel primo semestre: ricavi a 86 milioni (+80%) grazie a Dierre. Il ceo Manenti: ulteriori investimenti su Conto Lingotto,2026-07-16T15:26:43,CFV1,Confinvest Oro,IT0005379604,20,0.02252213209856431,2026-07-17,later,0.05555555555555536,2.466709426639798,4.360902255639097,true,2.16,2.28,2026-09-23,2.24,0.6666666666666692
202609150721455201,"Prysmian, via libera dell’antitrust Usa all’acquisizione di Atkore. Gli analisti guardano alle sinergie",2026-09-15T05:12:00,PRY,Prysmian,IT0004176001,20,0.028835792802039045,2026-09-14,day_before,-0.07072691552062871,-2.4527473895438536,2.2027859752117336,true,127.25,118.25,2026-09-23,127.25,-0.0
202608211110108774,"Unicredit, l'analisi tecnica: importante una conferma sopra 83 euro",2026-08-21T10:30:00,CRIT,Unicredit,IT0005239360,20,0.01293088550508442,2026-08-27,later,-0.03168891468369128,-2.4506376358549624,1.1906742678751603,true,86.15,83.42,2026-09-23,83.47,0.9816849816849827
202608291329324262,Eni rafforza ancora la sua presenza nell’offshore dell’Uruguay,2026-08-29T11:20:40,ENISPA,Eni,IT0003132476,20,0.013441611052034898,2026-09-04,later,-0.03290025146689024,-2.447641978296161,1.2292399287616294,true,23.86,23.075,2026-09-23,24.04,-0.22929936305732443
202609171138366819,"Unicredit, l'analisi tecnica: strenua difesa a ridosso di 83 euro",2026-09-17T10:30:00,CRIT,Unicredit,IT0005239360,20,0.013082823381357167,2026-09-21,later,0.0319240724762726,2.4401516053303864,1.0930302160470196,true,81.13,83.72,2026-09-23,83.47,0.9034749034749036
202608311057103463,"Maire, vittoria in arbitrato contro la russa EuroChem: il tribunale londinese riconosce 260 milioni a Tecnimont",2026-08-31T08:45:25,MT,Maire,IT0004931058,20,0.01252676178649533,2026-09-02,later,-0.030546623794212135,-2.4385091945424713,0.8006452787298851,true,12.44,12.06,2026-09-23,12.19,0.657894736842107
202608281819408546,"Dagli occhiali ai giornali, dai ristoranti all'acqua minerale: la parabola disordinata di Leonardo jr.",2026-08-25T14:52:54,FINME,Leonardo,IT0003856405,20,0.016245914609767747,2026-08-28,later,-0.03960036330608541,-2.437558257401892,1.18971222310738,true,55.05,52.87,2026-09-23,50.45,2.1100917431192636
202608252128423069,"Delfin, ecco cosa farà ora Leonardo Maria Del Vecchio dopo l'uscita da EssilorLuxottica",2026-08-25T10:12:48,FINME,Leonardo,IT0003856405,20,0.016245914609767747,2026-08-28,later,-0.03960036330608541,-2.437558257401892,1.18971222310738,true,55.05,52.87,2026-09-23,50.45,2.1100917431192636
202608252335566007,"EssilorLuxottica, nessuno scossone. Milleri amareggiato per Leonardo jr ma governance resta solida",2026-08-25T10:15:31,FINME,Leonardo,IT0003856405,20,0.016245914609767747,2026-08-28,later,-0.03960036330608541,-2.437558257401892,1.18971222310738,true,55.05,52.87,2026-09-23,50.45,2.1100917431192636
202609182026545211,"Remo Taricani, l’uomo di Unicredit tra territorio e innovazione",2026-09-18T09:08:58,CRIT,Unicredit,IT0005239360,20,0.01318382118864975,2026-09-21,later,0.0319240724762726,2.421458241845449,1.0657562639131066,true,81.13,83.72,2026-09-23,83.47,0.9034749034749036
202609181104482013,"Unicredit, a ruba il bond At1 con cedola del 6,25% in vista di Commerzbank",2026-09-18T08:49:42,CRIT,Unicredit,IT0005239360,20,0.01318382118864975,2026-09-21,later,0.0319240724762726,2.421458241845449,1.0657562639131066,true,81.13,83.72,2026-09-23,83.47,0.9034749034749036
202609181012401430,"Unicredit, l'analisi tecnica: compressione di volatilità a ridosso degli 83 euro",2026-09-18T10:00:00,CRIT,Unicredit,IT0005239360,20,0.01318382118864975,2026-09-21,later,0.0319240724762726,2.421458241845449,1.0657562639131066,true,81.13,83.72,2026-09-23,83.47,0.9034749034749036
202609041750182368,"Eni, il buyback da 3,4 miliardi spalanca la porta a una nuova privatizzazione. Ecco i tre scenari",2026-09-04T09:09:22,ENISPA,Eni,IT0003132476,20,0.013748870971469972,2026-09-04,same_day,-0.03290025146689024,-2.392942048489723,1.2501025418859089,true,23.86,23.075,2026-09-23,24.04,-0.22929936305732443
202609160923234613,"Unicredit-Commerzbank, Orlopp apre alla fusione con un piano in due fasi. Ecco quale",2026-09-16T07:19:08,CRIT,Unicredit,IT0005239360,20,0.013341879603337554,2026-09-21,later,0.0319240724762726,2.3927717402191666,1.0965881782682585,true,81.13,83.72,2026-09-23,83.47,0.9034749034749036
202609161051251827,"Unicredit, l'analisi tecnica: pronta reazione oltre 83 euro",2026-09-16T10:00:00,CRIT,Unicredit,IT0005239360,20,0.013341879603337554,2026-09-21,later,0.0319240724762726,2.3927717402191666,1.0965881782682585,true,81.13,83.72,2026-09-23,83.47,0.9034749034749036
202609161212255127,Tris di Maxi Coupon Cash Collect da Unicredit,2026-09-16T12:15:00,CRIT,Unicredit,IT0005239360,20,0.013341879603337554,2026-09-21,later,0.0319240724762726,2.3927717402191666,1.0965881782682585,true,81.13,83.72,2026-09-23,83.47,0.9034749034749036
202609170709513659,"Unicredit, con Commerz sarebbe opportuno un approccio graduale",2026-09-16T13:34:32,CRIT,Unicredit,IT0005239360,20,0.013341879603337554,2026-09-21,later,0.0319240724762726,2.3927717402191666,1.0965881782682585,true,81.13,83.72,2026-09-23,83.47,0.9034749034749036
202608280948043847,"Unicredit, l'analisi tecnica: pronta reazione dopo la caduta",2026-08-28T09:45:00,CRIT,Unicredit,IT0005239360,20,0.013258688999083522,2026-08-27,day_before,-0.03168891468369128,-2.3900488717912993,1.2754719073096772,true,86.15,83.42,2026-09-23,83.47,0.9816849816849827
202609110814288311,"Seri Industrial, il giudice nomina l’esperto sul concambio in vista dell’assemblea straordinaria",2026-09-10T12:12:01,PCU,Seri Industrial,IT0005283640,20,0.008873997215972458,2026-09-09,day_before,-0.021186440677966045,-2.3874743435610064,1.6362568394621129,true,2.36,2.31,2026-09-23,2.335,0.5
202607220739465511,Nexi: il trend rimane positivo,2026-07-22T05:39:41,NEXI,Nexi,IT0005366767,20,0.025049121609800495,2026-07-23,later,-0.059761904761904794,-2.3857884397240854,1.3002923280504726,true,4.2,3.949,2026-09-23,4.141,0.23505976095617565
202607241434022124,Commerzbank apre a Unicredit: il presidente Weidmann invita Orcel al dialogo,2026-07-24T12:33:53,CRIT,Unicredit,IT0005239360,20,0.020175394755277846,2026-07-23,day_before,-0.04795096743179905,-2.3767052894593386,1.9874921872923206,true,83.21,79.22,2026-09-23,83.47,-0.0651629072681718
202607241002488899,"Unicredit, l'analisi tecnica: confermato il cedimento di 80 euro",2026-07-24T10:00:00,CRIT,Unicredit,IT0005239360,20,0.020175394755277846,2026-07-23,day_before,-0.04795096743179905,-2.3767052894593386,1.9874921872923206,true,83.21,79.22,2026-09-23,83.47,-0.0651629072681718
202607242134089693,"Unicredit, intervista ad Andrea Orcel: ora il nostro obiettivo è l’Europa",2026-07-24T07:05:19,CRIT,Unicredit,IT0005239360,20,0.020175394755277846,2026-07-23,day_before,-0.04795096743179905,-2.3767052894593386,1.9874921872923206,true,83.21,79.22,2026-09-23,83.47,-0.0651629072681718
202609080725514576,"Borse oggi in diretta | Ftse Mib chiude in calo dello 0,1%. StM maglia nera, sul podio Inwit e Tim",2026-09-08T04:50:17,INW,Inwit,IT0005090300,20,0.013209015076056421,2026-09-08,same_day,0.03125,2.3658084891314815,1.5277956219141677,true,6.08,6.27,2026-09-23,6.59,2.6842105263157956
202607170756201019,Nexi: il quadro tecnico rimane costruttivo,2026-07-17T05:56:12,NEXI,Nexi,IT0005366767,20,0.02541840903998446,2026-07-23,later,-0.059761904761904794,-2.3511268808325596,1.214495505298837,true,4.2,3.949,2026-09-23,4.141,0.23505976095617565
202609032055369971,"Eni, il Venezuela paga le forniture di gas ma è indietro di 2,7 miliardi di dollari",2026-09-03T10:58:12,ENISPA,Eni,IT0003132476,20,0.014034093057675704,2026-09-04,later,-0.03290025146689024,-2.344309057356294,1.2444511339849125,true,23.86,23.075,2026-09-23,24.04,-0.22929936305732443
202609101156153188,Moncler: il trend rimane negativo,2026-09-10T09:56:11,MONC,Moncler,IT0004965148,20,0.014788079535154592,2026-09-10,same_day,-0.03454384410983158,-2.3359249608925277,1.885526136031529,true,45.16,43.6,2026-09-23,44.32,0.5384615384615378
202608261044164621,"Rai Way, Morgan Stanley taglia il target price del 20%: 5 motivi per cui resta cauta sul titolo",2026-08-26T07:52:50,RWAY,Rai Way,IT0005054967,20,0.01093313229911423,2026-08-26,same_day,-0.025504782146652527,-2.3327973584220554,1.1356401709240205,true,4.705,4.585,2026-09-23,4.435,2.2500000000000018
202607031724585151,"Leonardo, alla joint venture Edgewind contratto da 4,6 miliardi di sterline per il super caccia",2026-07-03T14:26:11,FINME,Leonardo,IT0003856405,20,0.027971207858522484,2026-07-02,day_before,0.0652173913043479,2.3315900991553695,1.5694124233975821,true,48.76,51.94,2026-09-23,50.45,0.5314465408805047
202607160719294907,Nexi: il titolo allunga al rialzo,2026-07-16T05:19:22,NEXI,Nexi,IT0005366767,20,0.02564807937557584,2026-07-23,later,-0.059761904761904794,-2.3300732926932097,1.2251440275227972,true,4.2,3.949,2026-09-23,4.141,0.23505976095617565
202609021741583112,Eni avanza in Venezuela: gestirà in esclusiva il giacimento super giant Junin-5,2026-09-02T15:04:50,ENISPA,Eni,IT0003132476,20,0.014122828067918772,2026-09-04,later,-0.03290025146689024,-2.3295795508284924,1.2398006345702732,true,23.86,23.075,2026-09-23,24.04,-0.22929936305732443
202607210735291947,Nexi: il trend di breve termine rimane positivo,2026-07-21T05:35:17,NEXI,Nexi,IT0005366767,20,0.025720048011903723,2026-07-23,later,-0.059761904761904794,-2.3235533905008987,1.2651432548133692,true,4.2,3.949,2026-09-23,4.141,0.23505976095617565
202609021519133239,Reyl Intesa Sanpaolo diventa Intesa Sanpaolo Wealth Management Suisse,2026-09-02T11:08:00,AMBR,Intesa Sanpaolo,IT0000072618,20,0.00769146582915121,2026-09-01,day_before,-0.01782294888790681,-2.3172369589625617,1.5231753746911487,true,6.789,6.668,2026-09-23,6.707,0.6776859504132244
202607231249554413,"Acea conferma la guidance 2026, debito in linea con le attese: due bond in scadenza",2026-07-23T10:12:11,ACE,Acea,IT0001207098,20,0.01482067665280358,2026-07-22,day_before,0.03425925925925921,2.311585365623539,1.3322921266194663,true,21.6,22.34,2026-09-23,20.0,-2.1621621621621685
202609012204306868,"Trevi, AcomeA vota per l’ops di Icop ma chiede di più",2026-09-01T10:57:07,TFI,Trevi,IT0005709909,20,0.006282347752671922,2026-09-08,later,0.014468085106382977,2.302974250387462,1.7057943111567082,true,4.7,4.768,2026-09-23,4.72,0.29411764705881893
202609010729304941,"Borse oggi in diretta | Il Ftse Mib chiude in calo dell’1,3%. Solo tre le blue chip in rialzo: Tenaris, Eni e Iveco",2026-09-01T05:08:06,ENISPA,Eni,IT0003132476,20,0.01434937859207327,2026-09-04,later,-0.03290025146689024,-2.292799737339472,1.2161373537463984,true,23.86,23.075,2026-09-23,24.04,-0.22929936305732443
202608250749363291,Nexi: il titolo prova un nuovo allungo,2026-08-25T05:49:30,NEXI,Nexi,IT0005366767,20,0.02018641495360464,2026-08-24,day_before,0.046102661596958194,2.283845928210534,1.192054230754751,true,4.208,4.402,2026-09-23,4.141,-0.34536082474226903
202607140844116823,"Torri tlc, Inwit (-3,8%) presenta doppio ricorso al Collegio di Milano contro Tim e Fastweb",2026-07-14T06:29:09,INW,Inwit,IT0005090300,20,0.016641586376714843,2026-07-14,same_day,-0.037878787878787845,-2.27615246655742,0.787437332841985,true,6.6,6.35,2026-09-23,6.59,0.03999999999999915
202607021412148444,"Unicredit, JP Morgan prevede stime più alte sul 2026 dopo la conquista di Commerzbank. E alza il target price",2026-07-02T11:18:32,CRIT,Unicredit,IT0005239360,20,0.017970782852672694,2026-07-02,same_day,0.04067107269954229,2.263177571782495,1.364420581994901,true,78.68,81.88,2026-09-23,83.47,1.4968750000000028
